-- Datos para la tabla customers (25 registros)
INSERT INTO `customers` (`id`, `name`, `alias`, `tax_id`, `email`, `phone`, `secondary_phone`, `website`, `contact_person`, `contact_email`, `contact_phone`, `address`, `city`, `state`, `zip_code`, `country`, `notes`, `created_at`, `updated_at`) VALUES
('1234567890123456', 'Construyendo con Humor S.A.', 'Construyendo', 'A12345678', 'info@construhumor.com', '6311234567', '6319876543', 'www.construhumor.com', 'Ricardo Risas', 'ricardo@construhumor.com', '6312345678', 'Calle de la Risa 123', 'Madrid', 'Madrid', '28001', 'España', 'Cliente que siempre pide materiales a última hora', NOW(), NOW()),
('2345678901234567', 'Ladrillos Locos S.L.', 'Ladrillos', 'B87654321', 'contacto@ladrilloslocos.es', '6312345678', '6313456789', 'www.ladrilloslocos.es', 'María Mortero', 'maria@ladrilloslocos.es', '6313456789', 'Avenida del Cemento 45', 'Barcelona', 'Cataluña', '08001', 'España', 'Requiere entrega los viernes por la tarde', NOW(), NOW()),
('3456789012345678', 'Reformas Risueñas', 'Reformas', 'C23456789', 'hola@reformasrisuenas.com', '6313456789', '6314567890', 'www.reformasrisuenas.com', 'Javier Jocoso', 'javier@reformasrisuenas.com', '6314567890', 'Plaza del Martillo 67', 'Valencia', 'Valencia', '46001', 'España', 'Siempre pide descuentos contando chistes', NOW(), NOW()),
('4567890123456789', 'Tuberías y Carcajadas', 'Tuberías', 'D34567890', 'ventas@tuberiasycarcajadas.es', '6314567890', '6315678901', 'www.tuberiasycarcajadas.es', 'Laura Llave', 'laura@tuberiasycarcajadas.es', '6315678901', 'Callejón del Desagüe 12', 'Sevilla', 'Andalucía', '41001', 'España', 'Prefiere entregas a domicilio', NOW(), NOW()),
('5678901234567890', 'Azulejos Alegres', 'Azulejos', 'E45678901', 'info@azulejosalegres.com', '6315678901', '6316789012', 'www.azulejosalegres.com', 'Pedro Pavimento', 'pedro@azulejosalegres.com', '6316789012', 'Bulevar de la Baldosa 34', 'Bilbao', 'País Vasco', '48001', 'España', 'Cliente puntual con los pagos', NOW(), NOW()),
('6789012345678901', 'Pinturas Payasas', 'Pinturas', 'F56789012', 'contacto@pinturaspayasas.es', '6316789012', '6317890123', 'www.pinturaspayasas.es', 'Ana Acuarela', 'ana@pinturaspayasas.es', '6317890123', 'Ronda del Rodillo 78', 'Zaragoza', 'Aragón', '50001', 'España', 'Le gusta los colores llamativos', NOW(), NOW()),
('7890123456789012', 'Hormigón Hilarante', 'Hormigón', 'G67890123', 'ventas@hormigonhilarante.com', '6317890123', '6318901234', 'www.hormigonhilarante.com', 'Daniel Divertido', 'daniel@hormigonhilarante.com', '6318901234', 'Paseo del Palaustre 56', 'Málaga', 'Andalucía', '29001', 'España', 'Siempre pide muestras gratuitas', NOW(), NOW()),
('8901234567890123', 'Clavos Cómicos', 'Clavos', 'H78901234', 'info@clavoscomicos.es', '6318901234', '6319012345', 'www.clavoscomicos.es', 'Elena Espátula', 'elena@clavoscomicos.es', '6319012345', 'Travesía del Tornillo 90', 'Murcia', 'Murcia', '30001', 'España', 'Paga al contado', NOW(), NOW()),
('9012345678901234', 'Ventanas Vivarachas', 'Ventanas', 'I89012345', 'contacto@ventanasvivarachas.com', '6319012345', '6310123456', 'www.ventanasvivarachas.com', 'Roberto Risueño', 'roberto@ventanasvivarachas.com', '6310123456', 'Calle del Cristal 23', 'Palma', 'Islas Baleares', '07001', 'España', 'Cuidado con la entrega, muy exigente', NOW(), NOW()),
('0123456789012345', 'Grúas Graciosas', 'Grúas', 'J90123456', 'ventas@gruasgraciosas.es', '6310123456', '6311234567', 'www.gruasgraciosas.es', 'Sofía Sonriente', 'sofia@gruasgraciosas.es', '6311234567', 'Vía de la Viga 45', 'Las Palmas', 'Canarias', '35001', 'España', 'Solo acepta entregas los martes', NOW(), NOW()),
('1122334455667788', 'Tejados Tremendos', 'Tejados', 'K01234567', 'info@tejadostremendos.com', '6311345678', '6311456789', 'www.tejadostremendos.com', 'Tomás Techumbre', 'tomas@tejadostremendos.com', '6311456789', 'Avenida de la Teja 78', 'Alicante', 'Valencia', '03001', 'España', 'Cliente fiel desde 2010', NOW(), NOW()),
('2233445566778899', 'Escaleras Excéntricas', 'Escaleras', 'L12345678', 'contacto@escalerasexcentricas.es', '6311567890', '6311678901', 'www.escalerasexcentricas.es', 'Carmen Carcajada', 'carmen@escalerasexcentricas.es', '6311678901', 'Plaza del Peldaño 12', 'Córdoba', 'Andalucía', '14001', 'España', 'Siempre pide proyectos personalizados', NOW(), NOW()),
('3344556677889900', 'Puertas Placenteras', 'Puertas', 'M23456789', 'ventas@puertasplacenteras.com', '6311789012', '6311890123', 'www.puertasplacenteras.com', 'Héctor Humorístico', 'hector@puertasplacenteras.com', '6311890123', 'Callejón del Cerrojo 34', 'Valladolid', 'Castilla y León', '47001', 'España', 'Prefiere comunicación por email', NOW(), NOW()),
('4455667788990011', 'Andamios Alegres', 'Andamios', 'N34567890', 'info@andamiosalegres.es', '6311901234', '6311012345', 'www.andamiosalegres.es', 'Isabel Ingeniosa', 'isabel@andamiosalegres.es', '6311012345', 'Ronda del Refuerzo 56', 'Vigo', 'Galicia', '36001', 'España', 'Siempre pide certificados de calidad', NOW(), NOW()),
('5566778899001122', 'Cables Chistosos', 'Cables', 'O45678901', 'contacto@cableschistosos.com', '6312123456', '6312234567', 'www.cableschistosos.com', 'Guillermo Gracioso', 'guillermo@cableschistosos.com', '6312234567', 'Travesía del Tendido 78', 'Gijón', 'Asturias', '33001', 'España', 'Cliente con grandes proyectos', NOW(), NOW()),
('6677889900112233', 'Fontanería Festiva', 'Fontanería', 'P56789012', 'ventas@fontaneriafestiva.es', '6312345678', '6312456789', 'www.fontaneriafestiva.es', 'Nuria Nudo', 'nuria@fontaneriafestiva.es', '6312456789', 'Paseo del Plomero 90', 'Granada', 'Andalucía', '18001', 'España', 'Necesita factura detallada siempre', NOW(), NOW()),
('7788990011223344', 'Terrazas Talentosas', 'Terrazas', 'Q67890123', 'info@terrazastalentosas.com', '6312567890', '6312678901', 'www.terrazastalentosas.com', 'Manuel Mosaico', 'manuel@terrazastalentosas.com', '6312678901', 'Bulevar del Balcón 23', 'Pamplona', 'Navarra', '31001', 'España', 'Compras estacionales (primavera-verano)', NOW(), NOW()),
('8899001122334455', 'Chimeneas Chistosas', 'Chimeneas', 'R78901234', 'contacto@chimeneaschistosas.es', '6312789012', '6312890123', 'www.chimeneaschistosas.es', 'Beatriz Broma', 'beatriz@chimeneaschistosas.es', '6312890123', 'Calle del Calor 45', 'Santander', 'Cantabria', '39001', 'España', 'Pedidos grandes en otoño', NOW(), NOW()),
('9900112233445566', 'Ascensores Amenos', 'Ascensores', 'S89012345', 'ventas@ascensoresamenos.com', '6312901234', '6312012345', 'www.ascensoresamenos.com', 'Lucas Luminoso', 'lucas@ascensoresamenos.com', '6312012345', 'Avenida del Alzado 67', 'San Sebastián', 'País Vasco', '20001', 'España', 'Requiere póliza de seguro', NOW(), NOW()),
('0011223344556677', 'Parquets Placenteros', 'Parquets', 'T90123456', 'info@parquetsplacenteros.es', '6313123456', '6313234567', 'www.parquetsplacenteros.es', 'Cristina Chiste', 'cristina@parquetsplacenteros.es', '6313234567', 'Plaza de la Plancha 89', 'Albacete', 'Castilla-La Mancha', '02001', 'España', 'Cliente desde el primer día', NOW(), NOW()),
('1133557799113355', 'Alicatados Animados', 'Alicatados', 'U01234567', 'contacto@alicatadosanimados.com', '6313345678', '6313456789', 'www.alicatadosanimados.com', 'Pablo Payaso', 'pablo@alicatadosanimados.com', '6313456789', 'Vía del Vitro 12', 'Lérida', 'Cataluña', '25001', 'España', 'Siempre busca diseños exclusivos', NOW(), NOW()),
('2244668800224466', 'Marcos y Maromas', 'Marcos', 'V12345678', 'ventas@marcosymaromas.es', '6313567890', '6313678901', 'www.marcosymaromas.es', 'Teresa Traviesa', 'teresa@marcosymaromas.es', '6313678901', 'Callejón del Contorno 34', 'Toledo', 'Castilla-La Mancha', '45001', 'España', 'Paga por transferencia bancaria', NOW(), NOW()),
('3355779911335577', 'Bombillas Bufas', 'Bombillas', 'W23456789', 'info@bombillasbufas.com', '6313789012', '6313890123', 'www.bombillasbufas.com', 'Sergio Sonrisa', 'sergio@bombillasbufas.com', '6313890123', 'Ronda del Resplandor 56', 'Badajoz', 'Extremadura', '06001', 'España', 'Pedidos al por mayor', NOW(), NOW()),
('4466880022446688', 'Cerrajería Cómica', 'Cerrajería', 'X34567890', 'contacto@cerrajeriacomica.es', '6313901234', '6313012345', 'www.cerrajeriacomica.es', 'Alejandra Alegre', 'alejandra@cerrajeriacomica.es', '6313012345', 'Travesía de la Traba 78', 'Cádiz', 'Andalucía', '11001', 'España', 'Servicio de emergencia 24h', NOW(), NOW()),
('5577991133557799', 'Impermeabilizantes Ingeniosos', 'Impermeabilizantes', 'Y45678901', 'ventas@impermeabilizantesingeniosos.com', '6314123456', '6314234567', 'www.impermeabilizantesingeniosos.com', 'David Diversión', 'david@impermeabilizantesingeniosos.com', '6314234567', 'Paseo del Plástico 90', 'Logroño', 'La Rioja', '26001', 'España', 'Pedidos estacionales (invierno)', NOW(), NOW());

-- Datos para la tabla suppliers (15 registros)
INSERT INTO `suppliers` (`id`, `name`, `alias`, `tax_id`, `email`, `phone`, `secondary_phone`, `website`, `contact_person`, `contact_email`, `contact_phone`, `address`, `city`, `state`, `zip_code`, `country`, `notes`, `created_at`, `updated_at`) VALUES
('1234567890123456789012345', 'Cemento Chistoso S.A.', 'Cemento', 'Z98765432', 'info@cementochistoso.com', '6315123456', '6315234567', 'www.cementochistoso.com', 'Jaime Jocoso', 'jaime@cementochistoso.com', '6315234567', 'Avenida Árida 123', 'Madrid', 'Madrid', '28002', 'España', 'Entrega en sacos de 25kg con chistes impresos', NOW(), NOW()),
('2345678901234567890123456', 'Madera Melodiosa S.L.', 'Madera', 'Y87654321', 'contacto@maderamellodiosa.es', '6315345678', '6315456789', 'www.maderamellodiosa.es', 'Marina Musical', 'marina@maderamellodiosa.es', '6315456789', 'Calle del Carpintero 45', 'Barcelona', 'Cataluña', '08002', 'España', 'Cada tabla viene con una nota musical', NOW(), NOW()),
('3456789012345678901234567', 'Tornillos Traviesos', 'Tornillos', 'X76543210', 'ventas@tornillostraviesos.com', '6315567890', '6315678901', 'www.tornillostraviesos.com', 'Tomás Travesura', 'tomas@tornillostraviesos.com', '6315678901', 'Plaza del Perforador 67', 'Valencia', 'Valencia', '46002', 'España', 'Envía tornillos con formas divertidas', NOW(), NOW()),
('4567890123456789012345678', 'Hierros Hilarantes', 'Hierros', 'W65432109', 'info@hierroshilarantes.es', '6315789012', '6315890123', 'www.hierroshilarantes.es', 'Hugo Humorista', 'hugo@hierroshilarantes.es', '6315890123', 'Bulevar de la Barra 12', 'Sevilla', 'Andalucía', '41002', 'España', 'Metal forjado por comediantes', NOW(), NOW()),
('5678901234567890123456789', 'Vidrios Vivaces', 'Vidrios', 'V54321098', 'contacto@vidriosvivaces.com', '6315901234', '6315012345', 'www.vidriosvivaces.com', 'Víctor Vivaracho', 'victor@vidriosvivaces.com', '6315012345', 'Travesía Transparente 34', 'Bilbao', 'País Vasco', '48002', 'España', 'Cristales que cambian de color con la temperatura', NOW(), NOW()),
('6789012345678901234567890', 'Pinturas Pícaras', 'Pinturas', 'U43210987', 'ventas@pinturaspícaras.es', '6316123456', '6316234567', 'www.pinturaspícaras.es', 'Paula Pícara', 'paula@pinturaspícaras.es', '6316234567', 'Callejón del Colorido 78', 'Zaragoza', 'Aragón', '50002', 'España', 'Botes que hacen ruidos graciosos al abrirlos', NOW(), NOW()),
('7890123456789012345678901', 'Herramientas Histriónicas', 'Herramientas', 'T32109876', 'info@herramientashistrionicas.com', '6316345678', '6316456789', 'www.herramientashistrionicas.com', 'Héctor Histrión', 'hector@herramientashistrionicas.com', '6316456789', 'Ronda del Reparador 56', 'Málaga', 'Andalucía', '29002', 'España', 'Martillos que suenan como bocinas', NOW(), NOW()),
('8901234567890123456789012', 'Cables Carcajeantes', 'Cables', 'S21098765', 'contacto@cablescarcajeantes.es', '6316567890', '6316678901', 'www.cablescarcajeantes.es', 'Carlos Carcajada', 'carlos@cablescarcajeantes.es', '6316678901', 'Paseo del Polo 90', 'Murcia', 'Murcia', '30002', 'España', 'Cables con fundas de colores neón', NOW(), NOW()),
('9012345678901234567890123', 'Aislantes Animados', 'Aislantes', 'R10987654', 'ventas@aislantesanimados.com', '6316789012', '6316890123', 'www.aislantesanimados.com', 'Ana Animada', 'ana@aislantesanimados.com', '6316890123', 'Vía del Vapor 23', 'Palma', 'Islas Baleares', '07002', 'España', 'Material que cambia de textura según el clima', NOW(), NOW()),
('0123456789012345678901234', 'Tuberías Teatrales', 'Tuberías', 'Q09876543', 'info@tuberiasteatrales.es', '6316901234', '6316012345', 'www.tuberiasteatrales.es', 'Teresa Teatral', 'teresa@tuberiasteatrales.es', '6316012345', 'Avenida del Agua 45', 'Las Palmas', 'Canarias', '35002', 'España', 'Cada metro de tubería incluye un chiste impreso', NOW(), NOW()),
('1122334455667788990011223', 'Azulejos Alegóricos', 'Azulejos', 'P98765432', 'contacto@azulejosalegoricos.com', '6317123456', '6317234567', 'www.azulejosalegoricos.com', 'Alberto Alegre', 'alberto@azulejosalegoricos.com', '6317234567', 'Plaza de la Porcelana 67', 'Alicante', 'Valencia', '03002', 'España', 'Diseños que cuentan historias divertidas', NOW(), NOW()),
('2233445566778899001122334', 'Impermeables Irónicos', 'Impermeables', 'O87654321', 'ventas@impermeablesironicos.es', '6317345678', '6317456789', 'www.impermeablesironicos.es', 'Irene Irónica', 'irene@impermeablesironicos.es', '6317456789', 'Callejón del Chaparrón 12', 'Córdoba', 'Andalucía', '14002', 'España', 'Material que repele agua con estilo y humor', NOW(), NOW()),
('3344556677889900112233445', 'Granito Grotesco', 'Granito', 'N76543210', 'info@granitogrotesco.com', '6317567890', '6317678901', 'www.granitogrotesco.com', 'Gonzalo Gracioso', 'gonzalo@granitogrotesco.com', '6317678901', 'Travesía de la Tosca 34', 'Valladolid', 'Castilla y León', '47002', 'España', 'Piedras con caras talladas', NOW(), NOW()),
('4455667788990011223344556', 'Yeso Yogui', 'Yeso', 'M65432109', 'contacto@yesoyogui.es', '6317789012', '6317890123', 'www.yesoyogui.es', 'Yolanda Yogui', 'yolanda@yesoyogui.es', '6317890123', 'Ronda del Revestimiento 56', 'Vigo', 'Galicia', '36002', 'España', 'Yeso que endurece haciendo posturas de yoga', NOW(), NOW()),
('5566778899001122334455667', 'Tejas Traviesas', 'Tejas', 'L54321098', 'ventas@tejastraviesas.com', '6317901234', '6317012345', 'www.tejastraviesas.com', 'Teo Travesura', 'teo@tejastraviesas.com', '6317012345', 'Bulevar del Barro 78', 'Gijón', 'Asturias', '33002', 'España', 'Tejas con formas de animales', NOW(), NOW());

-- Datos para la tabla employees (12 registros)
INSERT INTO `employees` (`id`, `name`, `alias`, `employee_id`, `email`, `phone`, `secondary_phone`, `position`, `department`, `hire_date`, `salary`, `website`, `address`, `city`, `state`, `zip_code`, `country`, `notes`, `created_at`, `updated_at`) VALUES
('1234567890123456', 'Miguel Ángel Rodríguez Sánchez', 'Miguel', 'EMP001', 'miguel@empresa.com', '6318123456', '6318234567', 'Director General', 'Dirección', '2020-01-15', 65000.00, NULL, 'Calle Mayor 123', 'Madrid', 'Madrid', '28001', 'España', 'Fundador de la empresa', NOW(), NOW()),
('2345678901234567', 'Laura Fernández García', 'Laura', 'EMP002', 'laura@empresa.com', '6318345678', '6318456789', 'Directora Financiera', 'Finanzas', '2020-02-10', 58000.00, NULL, 'Avenida Principal 45', 'Madrid', 'Madrid', '28002', 'España', 'Experta en contabilidad y finanzas', NOW(), NOW()),
('3456789012345678', 'Carlos Martínez López', 'Carlos', 'EMP003', 'carlos@empresa.com', '6318567890', '6318678901', 'Jefe de Ventas', 'Comercial', '2020-03-05', 52000.00, NULL, 'Plaza Mayor 67', 'Barcelona', 'Cataluña', '08001', 'España', 'Excelente comunicador y negociador', NOW(), NOW()),
('4567890123456789', 'Ana Gómez Pérez', 'Ana', 'EMP004', 'ana@empresa.com', '6318789012', '6318890123', 'Responsable de Recursos Humanos', 'RRHH', '2020-04-20', 48000.00, NULL, 'Calle del Prado 12', 'Madrid', 'Madrid', '28003', 'España', 'Especialista en selección de personal', NOW(), NOW()),
('5678901234567890', 'Javier López Sánchez', 'Javier', 'EMP005', 'javier@empresa.com', '6318901234', '6318012345', 'Jefe de Almacén', 'Logística', '2020-05-15', 42000.00, NULL, 'Avenida Industrial 34', 'Valencia', 'Valencia', '46001', 'España', 'Gran capacidad organizativa', NOW(), NOW()),
('6789012345678901', 'Elena Torres Martín', 'Elena', 'EMP006', 'elena@empresa.com', '6319123456', '6319234567', 'Contable', 'Finanzas', '2020-06-10', 38000.00, NULL, 'Calle Nueva 56', 'Madrid', 'Madrid', '28004', 'España', 'Meticulosa y eficiente', NOW(), NOW()),
('7890123456789012', 'Pablo Ramírez Castro', 'Pablo', 'EMP007', 'pablo@empresa.com', '6319345678', '6319456789', 'Comercial', 'Comercial', '2020-07-05', 36000.00, 'www.pabloramirez.com', 'Plaza de España 78', 'Sevilla', 'Andalucía', '41001', 'España', 'Orientado a resultados', NOW(), NOW()),
('8901234567890123', 'Sofía García Rodríguez', 'Sofía', 'EMP008', 'sofia@empresa.com', '6319567890', '6319678901', 'Administrativa', 'Administración', '2020-08-20', 32000.00, NULL, 'Calle Ancha 90', 'Barcelona', 'Cataluña', '08002', 'España', 'Polivalente y resolutiva', NOW(), NOW()),
('9012345678901234', 'Daniel Hernández Gil', 'Daniel', 'EMP009', 'daniel@empresa.com', '6319789012', '6319890123', 'Técnico de Mantenimiento', 'Mantenimiento', '2020-09-15', 34000.00, NULL, 'Avenida del Parque 23', 'Madrid', 'Madrid', '28005', 'España', 'Habilidoso y eficaz', NOW(), NOW()),
('0123456789012345', 'María Jiménez Ruiz', 'María', 'EMP010', 'maria@empresa.com', '6319901234', '6319012345', 'Técnico de Calidad', 'Calidad', '2020-10-10', 36000.00, NULL, 'Calle del Río 45', 'Zaragoza', 'Aragón', '50001', 'España', 'Perfeccionista y detallista', NOW(), NOW()),
('0987654321098765', 'Roberto Díaz Moreno', 'Roberto', 'EMP011', 'roberto@empresa.com', '6310123456', '6310234567', 'Conductor', 'Logística', '2020-11-05', 30000.00, NULL, 'Plaza del Sol 67', 'Madrid', 'Madrid', '28006', 'España', 'Puntual y responsable', NOW(), NOW()),
('9876543210987654', 'Carmen Sanz Flores', 'Carmen', 'EMP012', 'carmen@empresa.com', '6310345678', '6310456789', 'Recepcionista', 'Administración', '2020-12-20', 28000.00, NULL, 'Calle Principal 89', 'Barcelona', 'Cataluña', '08003', 'España', 'Excelente atención al cliente', NOW(), NOW());

-- Datos para la tabla products (60 registros)
INSERT INTO `products` (`id`, `code`, `pic`, `short_description`, `long_description`, `brand`, `family`, `price1`, `price2`, `price3`, `cost`, `min_stock`, `max_stock`, `created_at`, `updated_at`) VALUES
('1111222233334444', 'CEM-001', NULL, 'Cemento Portland 25kg', 'Cemento Portland de alta resistencia para construcción general. Saco de 25kg.', 'ConstruMax', 'Cementos', 8.95, 8.50, 8.00, 6.75, 20, 100, NOW(), NOW()),
('2222333344445555', 'CEM-002', NULL, 'Cemento Blanco 20kg', 'Cemento blanco especial para acabados decorativos. Saco de 20kg.', 'ConstruMax', 'Cementos', 12.50, 11.95, 11.50, 9.25, 15, 80, NOW(), NOW()),
('3333444455556666', 'CEM-003', NULL, 'Mortero Rápido 15kg', 'Mortero de fraguado rápido para reparaciones urgentes. Saco de 15kg.', 'RapidMix', 'Cementos', 14.75, 14.20, 13.80, 10.50, 10, 60, NOW(), NOW()),
('4444555566667777', 'CEM-004', NULL, 'Cemento Cola Flexible 20kg', 'Cemento cola flexible para colocación de azulejos y gres. Saco de 20kg.', 'AzuFix', 'Cementos', 18.95, 18.40, 17.90, 14.25, 15, 75, NOW(), NOW()),
('5555666677778888', 'CEM-005', NULL, 'Mortero Impermeable 25kg', 'Mortero con propiedades impermeabilizantes para zonas húmedas. Saco de 25kg.', 'HydroBlock', 'Cementos', 22.50, 21.75, 21.00, 16.80, 10, 60, NOW(), NOW()),
('6666777788889999', 'LAD-001', NULL, 'Ladrillo Hueco Doble', 'Ladrillo cerámico hueco doble de 24x11.5x7cm. Paquete de 10 unidades.', 'CeramicPro', 'Ladrillos', 7.25, 6.95, 6.65, 5.40, 30, 150, NOW(), NOW()),
('7777888899990000', 'LAD-002', NULL, 'Ladrillo Macizo Rojo', 'Ladrillo macizo caravista de color rojo. 24x11.5x5cm. Paquete de 10 unidades.', 'CeramicPro', 'Ladrillos', 9.80, 9.40, 9.10, 7.25, 25, 125, NOW(), NOW()),
('8888999900001111', 'LAD-003', NULL, 'Ladrillo Refractario', 'Ladrillo refractario para chimeneas y hornos. 22x11x5cm. Paquete de 8 unidades.', 'FireBlock', 'Ladrillos', 18.50, 17.95, 17.50, 13.75, 15, 75, NOW(), NOW()),
('9999000011112222', 'MAD-001', NULL, 'Tablero OSB 10mm', 'Tablero OSB de 10mm de espesor. Medidas: 244x122cm.', 'MaderaPro', 'Maderas', 24.95, 24.25, 23.75, 18.50, 20, 100, NOW(), NOW()),
('0000111122223333', 'MAD-002', NULL, 'Tablero Contrachapado 15mm', 'Tablero contrachapado de 15mm de espesor. Medidas: 244x122cm.', 'MaderaPro', 'Maderas', 32.50, 31.75, 31.00, 24.00, 15, 75, NOW(), NOW()),
('1212343456567878', 'MAD-003', NULL, 'Listón Pino 5x5cm', 'Listón de pino cepillado de 5x5cm. Longitud: 240cm.', 'MaderaPro', 'Maderas', 8.75, 8.40, 8.00, 6.50, 30, 150, NOW(), NOW()),
('2323454567678989', 'MAD-004', NULL, 'Tablero Melamina Blanco', 'Tablero de melamina color blanco de 16mm. Medidas: 244x122cm.', 'MelaDecor', 'Maderas', 28.95, 28.25, 27.75, 21.50, 18, 90, NOW(), NOW()),
('3434565678789090', 'HER-001', NULL, 'Martillo de Carpintero', 'Martillo de carpintero con mango ergonómico. Peso: 450g.', 'ToolMaster', 'Herramientas', 15.95, 15.50, 15.00, 11.75, 10, 50, NOW(), NOW()),
('4545676789890101', 'HER-002', NULL, 'Destornillador Set 6 piezas', 'Set de 6 destornilladores de precisión con diferentes puntas.', 'ToolMaster', 'Herramientas', 24.50, 23.95, 23.50, 18.25, 8, 40, NOW(), NOW()),
('5656787890901212', 'HER-003', NULL, 'Taladro Percutor 800W', 'Taladro percutor potente con 800W y portabrocas de 13mm.', 'PowerDrill', 'Herramientas', 89.95, 87.50, 85.00, 67.00, 5, 25, NOW(), NOW()),
('6767898901012323', 'HER-004', NULL, 'Sierra Circular 1200W', 'Sierra circular con potencia de 1200W y disco de 185mm.', 'PowerCut', 'Herramientas', 125.00, 121.50, 118.00, 93.50, 4, 20, NOW(), NOW()),
('7878909012123434', 'HER-005', NULL, 'Amoladora Angular 750W', 'Amoladora angular con motor de 750W y disco de 115mm.', 'PowerCut', 'Herramientas', 79.95, 77.95, 75.95, 59.50, 6, 30, NOW(), NOW()),
('8989010123234545', 'HER-006', NULL, 'Nivel Profesional 60cm', 'Nivel profesional de aluminio con burbuja triple. Longitud: 60cm.', 'ToolMaster', 'Herramientas', 22.50, 21.95, 21.50, 16.75, 12, 60, NOW(), NOW()),
('9090121234345656', 'HER-007', NULL, 'Pistola Silicona', 'Pistola aplicadora de silicona para cartuchos estándar.', 'SealPro', 'Herramientas', 8.95, 8.65, 8.35, 6.65, 15, 75, NOW(), NOW()),
('0101232345456767', 'PIN-001', NULL, 'Pintura Plástica Blanca 15L', 'Pintura plástica mate blanca para interior. Bote de 15 litros.', 'ColorPlus', 'Pinturas', 45.95, 44.50, 43.25, 34.00, 8, 40, NOW(), NOW()),
('1234567890123456', 'PIN-002', NULL, 'Pintura Exterior Fachadas 10L', 'Pintura acrílica para fachadas con protección UV. Bote de 10 litros.', 'ColorPlus', 'Pinturas', 65.50, 63.95, 62.50, 48.75, 6, 30, NOW(), NOW()),
('2345678901234567', 'PIN-003', NULL, 'Esmalte Sintético 5L', 'Esmalte sintético brillante multiusos. Bote de 5 litros.', 'BrilloPro', 'Pinturas', 38.95, 37.75, 36.95, 28.95, 10, 50, NOW(), NOW()),
('3456789012345678', 'PIN-004', NULL, 'Imprimación Multiusos 4L', 'Imprimación selladora para múltiples superficies. Bote de 4 litros.', 'SealPro', 'Pinturas', 29.95, 29.25, 28.75, 22.50, 12, 60, NOW(), NOW()),
('4567890123456789', 'PIN-005', NULL, 'Barniz Madera Interior 2.5L', 'Barniz transparente para madera de interior. Bote de 2.5 litros.', 'WoodProtect', 'Pinturas', 24.50, 23.95, 23.50, 18.25, 15, 75, NOW(), NOW()),
('5678901234567890', 'AIS-001', NULL, 'Panel Aislante Lana Roca 60mm', 'Panel aislante térmico y acústico de lana de roca. 120x60cm, espesor 60mm.', 'ThermoBlock', 'Aislantes', 18.95, 18.40, 17.95, 14.25, 20, 100, NOW(), NOW()),
('6789012345678901', 'AIS-002', NULL, 'Poliestireno Expandido 40mm', 'Plancha de poliestireno expandido (EPS) de 40mm. 100x50cm.', 'ThermoBlock', 'Aislantes', 9.25, 8.95, 8.75, 6.95, 25, 125, NOW(), NOW()),
('7890123456789012', 'AIS-003', NULL, 'Aislante Reflectivo 10m²', 'Aislante térmico reflectivo multicapa. Rollo de 10m².', 'ReflexHeat', 'Aislantes', 35.50, 34.75, 33.95, 26.50, 10, 50, NOW(), NOW()),
('8901234567890123', 'AIS-004', NULL, 'Espuma Poliuretano 750ml', 'Espuma de poliuretano expansiva para sellar y fijar. Bote de 750ml.', 'SealPro', 'Aislantes', 11.95, 11.60, 11.25, 8.95, 20, 100, NOW(), NOW()),
('9012345678901234', 'IMB-001', NULL, 'Tela Asfáltica 10m²', 'Tela asfáltica impermeabilizante. Rollo de 10m².', 'WaterBlock', 'Impermeabilizantes', 42.50, 41.25, 40.00, 31.75, 8, 40, NOW(), NOW()),
('9876543210987654', 'IMB-002', NULL, 'Impermeabilizante Líquido 5kg', 'Impermeabilizante líquido de caucho para terrazas. Bote de 5kg.', 'WaterBlock', 'Impermeabilizantes', 55.95, 54.50, 53.00, 41.95, 6, 30, NOW(), NOW()),
('8765432109876543', 'IMB-003', NULL, 'Sellador Silicona 280ml', 'Sellador de silicona transparente para baños y cocinas. Cartucho de 280ml.', 'SealPro', 'Impermeabilizantes', 7.95, 7.65, 7.35, 5.95, 30, 150, NOW(), NOW()),
('7654321098765432', 'PYA-001', NULL, 'Placa Yeso Laminado 13mm', 'Placa de yeso laminado estándar de 13mm. 200x120cm.', 'DryWall', 'Yeso y Pladur', 12.50, 12.00, 11.75, 9.25, 25, 125, NOW(), NOW()),
('6543210987654321', 'PYA-002', NULL, 'Placa Yeso Hidrófuga 15mm', 'Placa de yeso laminado resistente al agua de 15mm. 200x120cm.', 'DryWall', 'Yeso y Pladur', 18.95, 18.40, 17.95, 14.25, 20, 100, NOW(), NOW()),
('5432109876543210', 'PYA-003', NULL, 'Pasta Juntas 5kg', 'Pasta para juntas de placas de yeso laminado. Bote de 5kg.', 'DryWall', 'Yeso y Pladur', 9.95, 9.65, 9.35, 7.45, 15, 75, NOW(), NOW()),
('4321098765432109', 'PYA-004', NULL, 'Perfil Metálico 3m', 'Perfil metálico para estructura de pladur. Longitud: 3m.', 'DryWall', 'Yeso y Pladur', 7.50, 7.25, 7.00, 5.60, 30, 150, NOW(), NOW()),
('3210987654321098', 'SAN-001', NULL, 'Inodoro Completo', 'Inodoro de porcelana con cisterna y mecanismos incluidos.', 'BañoPlus', 'Sanitarios', 149.95, 145.50, 142.00, 112.00, 5, 25, NOW(), NOW()),
('2109876543210987', 'SAN-002', NULL, 'Lavabo Pedestal', 'Lavabo de porcelana con pedestal incluido.', 'BañoPlus', 'Sanitarios', 89.95, 87.50, 85.00, 67.00, 6, 30, NOW(), NOW()),
('1098765432109876', 'SAN-003', NULL, 'Plato Ducha 80x80cm', 'Plato de ducha acrílico cuadrado. Medidas: 80x80cm.', 'ShowerTech', 'Sanitarios', 125.00, 121.50, 118.00, 93.50, 4, 20, NOW(), NOW()),
('1122334455667788', 'SAN-004', NULL, 'Grifo Lavabo Monomando', 'Grifo monomando para lavabo con acabado cromado.', 'AquaStyle', 'Sanitarios', 65.50, 63.95, 62.50, 48.75, 8, 40, NOW(), NOW()),
('2233445566778899', 'SAN-005', NULL, 'Mampara Ducha 80cm', 'Mampara de ducha con cristal templado transparente. Ancho: 80cm.', 'ShowerTech', 'Sanitarios', 195.00, 189.95, 184.95, 145.50, 3, 15, NOW(), NOW()),
('3344556677889900', 'PAV-001', NULL, 'Baldosa Cerámica 45x45cm', 'Baldosa cerámica para interior. Pack de 1m² (5 piezas). 45x45cm.', 'CeramicStyle', 'Pavimentos', 22.95, 22.25, 21.75, 17.00, 15, 75, NOW(), NOW()),
('4455667788990011', 'PAV-002', NULL, 'Gres Porcelánico 60x60cm', 'Gres porcelánico imitación madera. Pack de 1m² (3 piezas). 60x60cm.', 'CeramicStyle', 'Pavimentos', 32.95, 31.95, 31.00, 24.50, 12, 60, NOW(), NOW()),
('5566778899001122', 'PAV-003', NULL, 'Tarima Flotante AC4', 'Tarima flotante laminada AC4. Pack de 2,5m² (10 lamas). Imitación roble.', 'WoodFloor', 'Pavimentos', 45.50, 44.25, 43.00, 33.95, 10, 50, NOW(), NOW()),
('6677889900112233', 'PAV-004', NULL, 'Rodapié PVC Blanco', 'Rodapié de PVC color blanco. Pack de 5 unidades. 240x7cm.', 'WoodFloor', 'Pavimentos', 19.95, 19.40, 18.95, 14.95, 18, 90, NOW(), NOW()),
('7788990011223344', 'PAV-005', NULL, 'Perfil Transición Aluminio', 'Perfil de transición entre pavimentos. Longitud: 93cm.', 'FloorTech', 'Pavimentos', 15.50, 14.95, 14.50, 11.50, 20, 100, NOW(), NOW()),
('8899001122334455', 'FER-001', NULL, 'Cerradura Puerta', 'Cerradura completa para puerta interior con manillas incluidas.', 'SecureLock', 'Ferretería', 42.95, 41.75, 40.95, 32.00, 10, 50, NOW(), NOW()),
('9900112233445566', 'FER-002', NULL, 'Bisagra Pack 3 unidades', 'Pack de 3 bisagras de acero para puertas.', 'SecureLock', 'Ferretería', 8.95, 8.65, 8.35, 6.65, 25, 125, NOW(), NOW()),
('0011223344556677', 'FER-003', NULL, 'Tornillos Autorroscantes 100 uds', 'Caja de 100 tornillos autorroscantes para madera 4x40mm.', 'FixPro', 'Ferretería', 7.50, 7.25, 7.00, 5.60, 30, 150, NOW(), NOW()),
('1133557799113355', 'FER-004', NULL, 'Taco Expansivo 50 uds', 'Bolsa de 50 tacos de expansión 8x40mm.', 'FixPro', 'Ferretería', 9.95, 9.65, 9.35, 7.45, 25, 125, NOW(), NOW()),
('2244668800224466', 'FER-005', NULL, 'Cadena Galvanizada 2m', 'Cadena de acero galvanizado. Longitud: 2m.', 'MetalPro', 'Ferretería', 14.50, 14.00, 13.50, 10.75, 15, 75, NOW(), NOW()),
('3355779911335577', 'ELE-001', NULL, 'Cable Eléctrico 10m', 'Cable eléctrico flexible 3x1.5mm². Rollo de 10m.', 'ElectroWire', 'Material Eléctrico', 18.95, 18.40, 17.95, 14.25, 20, 100, NOW(), NOW()),
('4466880022446688', 'ELE-002', NULL, 'Caja Mecanismos Empotrar', 'Caja de mecanismos para empotrar en pared. Pack de 5 unidades.', 'ElectroPro', 'Material Eléctrico', 7.95, 7.65, 7.35, 5.95, 25, 125, NOW(), NOW()),
('5577991133557799', 'ELE-003', NULL, 'Enchufe Doble', 'Enchufe doble con embellecedor incluido.', 'ElectroPro', 'Material Eléctrico', 12.50, 12.00, 11.75, 9.25, 18, 90, NOW(), NOW()),
('6688002244668800', 'ELE-004', NULL, 'Interruptor Simple', 'Interruptor simple con embellecedor incluido.', 'ElectroPro', 'Material Eléctrico', 9.95, 9.65, 9.35, 7.45, 20, 100, NOW(), NOW()),
('7799113355779911', 'ELE-005', NULL, 'Regleta Conexión 12 Terminales', 'Regleta de conexión eléctrica con 12 terminales.', 'ElectroWire', 'Material Eléctrico', 5.50, 5.30, 5.10, 4.10, 30, 150, NOW(), NOW()),
('8800224466880022', 'FNT-001', NULL, 'Tubo PVC 2m 40mm', 'Tubo de PVC para fontanería. Diámetro: 40mm. Longitud: 2m.', 'HydroPipe', 'Fontanería', 11.95, 11.60, 11.25, 8.95, 25, 125, NOW(), NOW()),
('9911335577991133', 'FNT-002', NULL, 'Codo PVC 90° 40mm', 'Codo de PVC 90 grados para tubería de 40mm. Pack de 5 unidades.', 'HydroPipe', 'Fontanería', 8.95, 8.65, 8.35, 6.65, 20, 100, NOW(), NOW()),
('0022446688002244', 'FNT-003', NULL, 'Sifón Lavabo Extensible', 'Sifón extensible para lavabo con válvula incluida.', 'WaterTech', 'Fontanería', 15.95, 15.50, 15.00, 11.75, 15, 75, NOW(), NOW()),
('1133557722446688', 'FNT-004', NULL, 'Llave de Paso 3/4"', 'Llave de paso para tubería de 3/4 pulgadas.', 'WaterTech', 'Fontanería', 18.50, 17.95, 17.50, 13.75, 12, 60, NOW(), NOW()),
('2244668833557799', 'FNT-005', NULL, 'Flexo Ducha 1.5m', 'Flexo para ducha reforzado. Longitud: 1.5m.', 'ShowerTech', 'Fontanería', 12.95, 12.50, 12.00, 9.65, 18, 90, NOW(), NOW())